"Station Name","WINDSOR RIVERSIDE"
"Province","ONTARIO"
"Latitude","42.33"
"Longitude","-82.93"
"Elevation","188.40"
"Climate Identifier","6139520"
"WMO Identifier",""
"TC Identifier",""

"Legend"
"A","Accumulated"
"C","Precipitation occurred, amount uncertain"
"E","Estimated"
"F","Accumulated and estimated"
"L","Precipitation may or may not have occurred"
"M","Missing"
"N","Temperature missing but known to be > 0"
"S","More than one occurrence"
"T","Trace"
"Y","Temperature missing but known to be < 0"
"[empty]","No data available"
"^","The value displayed is based on incomplete data"
"†","Data for this day has undergone only preliminary quality checking"
"‡","Partner data that is not subject to review by the National Climate Archives"

"Date/Time","Year","Month","Day","Data Quality","Max Temp (°C)","Max Temp Flag","Min Temp (°C)","Min Temp Flag","Mean Temp (°C)","Mean Temp Flag","Heat Deg Days (°C)","Heat Deg Days Flag","Cool Deg Days (°C)","Cool Deg Days Flag","Total Rain (mm)","Total Rain Flag","Total Snow (cm)","Total Snow Flag","Total Precip (mm)","Total Precip Flag","Snow on Grnd (cm)","Snow on Grnd Flag","Dir of Max Gust (10s deg)","Dir of Max Gust Flag","Spd of Max Gust (km/h)","Spd of Max Gust Flag"
"2014-01-01","2014","01","01","†","-8.0","","-11.5","","-9.8","","27.8","","0.0","","0.0","","12.4","","12.4","","6","","","","",""
"2014-01-02","2014","01","02","†","-9.5","","-11.5","","-10.5","","28.5","","0.0","","0.0","","2.2","","2.2","","18","","","","",""
"2014-01-03","2014","01","03","†","-7.0","","-18.5","","-12.8","","30.8","","0.0","","0.0","","0.0","","0.0","","18","","","","",""
"2014-01-04","2014","01","04","†","0.0","","-13.0","","-6.5","","24.5","","0.0","","0.0","","3.0","","3.0","","16","","","","",""
"2014-01-05","2014","01","05","†","0.5","","-2.0","","-0.8","","18.8","","0.0","","0.0","","17.0","","17.0","","19","","","","",""
"2014-01-06","2014","01","06","†","-12.0","","-19.0","","-15.5","","33.5","","0.0","","0.0","","0.0","","0.0","","32","","","","",""
"2014-01-07","2014","01","07","†","-12.5","","-25.0","","-18.8","","36.8","","0.0","","0.0","","0.0","","0.0","","29","","","","",""
"2014-01-08","2014","01","08","†","-6.5","","-19.5","","-13.0","","31.0","","0.0","","0.0","","0.0","","0.0","","27","","","","",""
"2014-01-09","2014","01","09","†","1.5","","-19.0","","-8.8","","26.8","","0.0","","0.0","","1.2","","1.2","","26","","","","",""
"2014-01-10","2014","01","10","†","5.5","","-8.5","","-1.5","","19.5","","0.0","","12.6","","0.0","","12.6","","26","","","","",""
"2014-01-11","2014","01","11","†","6.0","","2.5","","4.3","","13.7","","0.0","","2.0","","0.0","","2.0","","12","","","","",""
"2014-01-12","2014","01","12","†","4.5","","1.0","","2.8","","15.2","","0.0","","0.0","","0.0","","0.0","","7","","","","",""
"2014-01-13","2014","01","13","†","7.0","","0.5","","3.8","","14.2","","0.0","","0.0","","0.0","","0.0","","5","","","","",""
"2014-01-14","2014","01","14","†","4.5","","-3.5","","0.5","","17.5","","0.0","","0.0","","0.0","T","0.0","T","1","","","","",""
"2014-01-15","2014","01","15","†","-1.5","","-3.5","","-2.5","","20.5","","0.0","","0.0","","0.0","T","0.0","T","0","T","","","",""
"2014-01-16","2014","01","16","†","-1.0","","-6.5","","-3.8","","21.8","","0.0","","0.0","","5.4","","5.4","","0","T","","","",""
"2014-01-17","2014","01","17","†","2.0","","-4.5","","-1.3","","19.3","","0.0","","0.0","","0.6","","0.6","","5","","","","",""
"2014-01-18","2014","01","18","†","-4.5","","-13.5","","-9.0","","27.0","","0.0","","0.0","","0.0","T","0.0","T","5","","","","",""
"2014-01-19","2014","01","19","†","0.0","","-9.0","","-4.5","","22.5","","0.0","","0.0","","0.0","","0.0","","5","","","","",""
"2014-01-20","2014","01","20","†","-3.5","","-6.0","","-4.8","","22.8","","0.0","","0.0","","0.8","","0.8","","4","","","","",""
"2014-01-21","2014","01","21","†","-10.0","","-14.5","","-12.3","","30.3","","0.0","","0.0","","0.0","","0.0","","5","","","","",""
"2014-01-22","2014","01","22","†","-11.0","","-19.0","","-15.0","","33.0","","0.0","","0.0","","2.8","","2.8","","5","","","","",""
"2014-01-23","2014","01","23","†","-8.0","","-14.5","","-11.3","","29.3","","0.0","","0.0","","0.0","T","0.0","T","7","","","","",""
"2014-01-24","2014","01","24","†","-4.5","","-17.5","","-11.0","","29.0","","0.0","","0.0","","1.0","","1.0","","7","","","","",""
"2014-01-25","2014","01","25","†","-1.0","","-11.5","","-6.3","","24.3","","0.0","","0.0","","3.8","","3.8","","5","","","","",""
"2014-01-26","2014","01","26","†","-2.5","","-16.5","","-9.5","","27.5","","0.0","","0.0","","6.2","","6.2","","9","","","","",""
"2014-01-27","2014","01","27","†","-10.5","","-13.0","","-11.8","","29.8","","0.0","","0.0","","0.0","","0.0","","14","","","","",""
"2014-01-28","2014","01","28","†","-12.0","","-22.0","","-17.0","","35.0","","0.0","","0.0","","0.0","","0.0","","12","","","","",""
"2014-01-29","2014","01","29","†","-7.0","","-19.0","","-13.0","","31.0","","0.0","","0.0","","0.0","","0.0","","11","","","","",""
"2014-01-30","2014","01","30","†","0.5","","-12.5","","-6.0","","24.0","","0.0","","0.0","","1.6","","1.6","","11","","","","",""
"2014-01-31","2014","01","31","†","3.0","","-5.5","","-1.3","","19.3","","0.0","","0.0","","3.4","","3.4","","11","","","","",""
"2014-02-01","2014","02","01","†","2.0","","-2.5","","-0.3","","18.3","","0.0","","9.4","","4.6","","14.0","","13","","","","",""
"2014-02-02","2014","02","02","†","-3.0","","-4.5","","-3.8","","21.8","","0.0","","0.0","","0.0","","0.0","","14","","","","",""
"2014-02-03","2014","02","03","†","-2.0","","-11.5","","-6.8","","24.8","","0.0","","0.0","","0.0","","0.0","","14","","","","",""
"2014-02-04","2014","02","04","†","-5.0","","-12.5","","-8.8","","26.8","","0.0","","0.0","","11.0","","11.0","","14","","","","",""
"2014-02-05","2014","02","05","†","-4.0","","-7.0","","-5.5","","23.5","","0.0","","0.0","","4.6","","4.6","","25","","","","",""
"2014-02-06","2014","02","06","†","-5.5","","-15.5","","-10.5","","28.5","","0.0","","0.0","","0.0","T","0.0","T","27","","","","",""
"2014-02-07","2014","02","07","†","-10.0","","-18.5","","-14.3","","32.3","","0.0","","0.0","","0.0","","0.0","","26","","","","",""
"2014-02-08","2014","02","08","†","-6.5","","-16.0","","-11.3","","29.3","","0.0","","0.0","","4.8","","4.8","","25","","","","",""
"2014-02-09","2014","02","09","†","-4.0","","-10.5","","-7.3","","25.3","","0.0","","0.0","","0.0","","0.0","","29","","","","",""
"2014-02-10","2014","02","10","†","-4.0","","-11.5","","-7.8","","25.8","","0.0","","0.0","","0.2","","0.2","","26","","","","",""
"2014-02-11","2014","02","11","†","-8.5","","-12.5","","-10.5","","28.5","","0.0","","0.0","","0.0","","0.0","","26","","","","",""
"2014-02-12","2014","02","12","†","-5.5","","-20.0","","-12.8","","30.8","","0.0","","0.0","","0.0","","0.0","","26","","","","",""
"2014-02-13","2014","02","13","†","-2.0","","-12.0","","-7.0","","25.0","","0.0","","0.0","","0.8","","0.8","","26","","","","",""
"2014-02-14","2014","02","14","†","0.0","","-7.5","","-3.8","","21.8","","0.0","","0.0","","0.0","T","0.0","T","25","","","","",""
"2014-02-15","2014","02","15","†","-4.0","","-13.0","","-8.5","","26.5","","0.0","","0.0","","3.0","","3.0","","25","","","","",""
"2014-02-16","2014","02","16","†","-4.0","","-12.0","","-8.0","","26.0","","0.0","","0.0","","0.4","","0.4","","27","","","","",""
"2014-02-17","2014","02","17","†","-1.5","","-17.5","","-9.5","","27.5","","0.0","","0.0","","7.0","","7.0","","26","","","","",""
"2014-02-18","2014","02","18","†","4.5","","-8.0","","-1.8","","19.8","","0.0","","0.0","","0.0","","0.0","","29","","","","",""
"2014-02-19","2014","02","19","†","8.5","","-1.5","","3.5","","14.5","","0.0","","0.0","","0.0","T","0.0","T","28","","","","",""
"2014-02-20","2014","02","20","†","9.0","","-2.0","","3.5","","14.5","","0.0","","13.6","","2.8","","16.4","","24","","","","",""
"2014-02-21","2014","02","21","†","4.5","","2.0","","3.3","","14.7","","0.0","","0.0","","0.0","T","0.0","T","19","","","","",""
"2014-02-22","2014","02","22","†","5.0","","0.0","","2.5","","15.5","","0.0","","0.0","","0.0","","0.0","","0","","","","",""
"2014-02-23","2014","02","23","†","2.0","","-4.0","","-1.0","","19.0","","0.0","","0.0","","0.0","","0.0","","16","","","","",""
"2014-02-24","2014","02","24","†","-1.5","","-7.0","","-4.3","","22.3","","0.0","","0.0","","0.0","T","0.0","T","16","","","","",""
"2014-02-25","2014","02","25","†","-3.0","","-10.0","","-6.5","","24.5","","0.0","","0.0","","0.4","","0.4","","15","","","","",""
"2014-02-26","2014","02","26","†","-7.5","","-14.0","","-10.8","","28.8","","0.0","","0.0","","0.2","","0.2","","14","","","","",""
"2014-02-27","2014","02","27","†","-10.0","","-13.5","","-11.8","","29.8","","0.0","","0.0","","0.0","","0.0","","14","","","","",""
"2014-02-28","2014","02","28","†","-2.0","","-18.5","","-10.3","","28.3","","0.0","","0.0","","0.0","","0.0","","14","","","","",""
"2014-03-01","2014","03","01","†","0.0","","-9.0","","-4.5","","22.5","","0.0","","0.0","","9.0","","9.0","","14","","","","",""
"2014-03-02","2014","03","02","†","-9.0","","-13.0","","-11.0","","29.0","","0.0","","0.0","","0.0","","0.0","","23","","","","",""
"2014-03-03","2014","03","03","†","-10.0","","-17.5","","-13.8","","31.8","","0.0","","0.0","","0.0","","0.0","","22","","","","",""
"2014-03-04","2014","03","04","†","-6.0","","-17.0","","-11.5","","29.5","","0.0","","0.0","","0.0","","0.0","","21","","","","",""
"2014-03-05","2014","03","05","†","-4.0","","-9.5","","-6.8","","24.8","","0.0","","0.0","","0.0","T","0.0","T","20","","","","",""
"2014-03-06","2014","03","06","†","-1.0","","-12.5","","-6.8","","24.8","","0.0","","0.0","","0.0","","0.0","","20","","","","",""
"2014-03-07","2014","03","07","†","8.0","","-11.0","","-1.5","","19.5","","0.0","","3.2","","1.0","","4.2","","19","","","","",""
"2014-03-08","2014","03","08","†","0.5","","-1.0","","-0.3","","18.3","","0.0","","0.0","","0.0","","0.0","","16","","","","",""
"2014-03-09","2014","03","09","†","6.0","","-7.5","","-0.8","","18.8","","0.0","","0.0","","0.0","","0.0","","16","","","","",""
"2014-03-10","2014","03","10","†","10.0","","0.0","","5.0","","13.0","","0.0","","0.0","T","0.0","","0.0","T","13","","","","",""
"2014-03-11","2014","03","11","†","12.0","","3.0","","7.5","","10.5","","0.0","","3.0","","9.0","","12.0","","6","","","","",""
"2014-03-12","2014","03","12","†","-1.0","","-8.0","","-4.5","","22.5","","0.0","","0.0","","7.2","","7.2","","9","","","","",""
"2014-03-13","2014","03","13","†","3.5","","-15.0","","-5.8","","23.8","","0.0","","0.0","","0.0","","0.0","","14","","","","",""
"2014-03-14","2014","03","14","†","12.0","","-6.0","","3.0","","15.0","","0.0","","0.0","","0.0","","0.0","","13","","","","",""
"2014-03-15","2014","03","15","†","5.0","","2.5","","3.8","","14.2","","0.0","","0.0","","0.0","","0.0","","0","T","","","",""
"2014-03-16","2014","03","16","†","-5.5","","-9.5","","-7.5","","25.5","","0.0","","0.0","","0.0","T","0.0","T","0","T","","","",""
"2014-03-17","2014","03","17","†","-0.5","","-11.5","","-6.0","","24.0","","0.0","","0.0","","0.0","","0.0","","0","T","","","",""
"2014-03-18","2014","03","18","†","7.0","","-4.5","","1.3","","16.7","","0.0","","0.4","","0.0","","0.4","","0","T","","","",""
"2014-03-19","2014","03","19","†","10.5","","1.5","","6.0","","12.0","","0.0","","1.8","","0.0","","1.8","","0","","","","",""
"2014-03-20","2014","03","20","†","4.0","","1.5","","2.8","","15.2","","0.0","","0.0","","0.0","","0.0","","0","","","","",""
"2014-03-21","2014","03","21","†","6.0","","-6.0","","0.0","","18.0","","0.0","","1.3","","0.0","","1.3","","0","","","","",""
"2014-03-22","2014","03","22","†","5.5","","0.5","","3.0","","15.0","","0.0","","0.0","","0.0","","0.0","","0","","","","",""
"2014-03-23","2014","03","23","†","0.0","","-8.5","","-4.3","","22.3","","0.0","","0.0","","0.0","","0.0","","0","","","","",""
"2014-03-24","2014","03","24","†","1.0","","-8.0","","-3.5","","21.5","","0.0","","0.0","","0.4","","0.4","","0","","","","",""
"2014-03-25","2014","03","25","†","2.5","","-7.0","","-2.3","","20.3","","0.0","","0.0","","0.4","","0.4","","0","T","","","",""
"2014-03-26","2014","03","26","†","2.0","","-10.5","","-4.3","","22.3","","0.0","","0.0","","0.0","","0.0","","0","","","","",""
"2014-03-27","2014","03","27","†","10.0","","-4.0","","3.0","","15.0","","0.0","","2.0","","0.2","","2.2","","0","","","","",""
"2014-03-28","2014","03","28","†","11.0","","3.5","","7.3","","10.7","","0.0","","0.0","","0.0","","0.0","","0","","","","",""
"2014-03-29","2014","03","29","†","2.5","","1.0","","1.8","","16.2","","0.0","","0.0","","0.0","","0.0","","0","","","","",""
"2014-03-30","2014","03","30","†","14.5","","-2.5","","6.0","","12.0","","0.0","","0.0","","0.0","","0.0","","0","","","","",""
"2014-03-31","2014","03","31","†","14.5","","7.0","","10.8","","7.2","","0.0","","0.0","","0.0","","0.0","","0","","","","",""
"2014-04-01","2014","04","01","†","18.0","","4.0","","11.0","","7.0","","0.0","","0.0","","0.0","","0.0","","0","","","","",""
"2014-04-02","2014","04","02","†","12.5","","1.5","","7.0","","11.0","","0.0","","0.0","","0.0","","0.0","","0","","","","",""
"2014-04-03","2014","04","03","†","4.0","","1.0","","2.5","","15.5","","0.0","","6.8","","0.0","","6.8","","0","","","","",""
"2014-04-04","2014","04","04","†","10.0","","1.5","","5.8","","12.2","","0.0","","3.4","","0.0","","3.4","","0","","","","",""
"2014-04-05","2014","04","05","†","10.5","","0.0","","5.3","","12.7","","0.0","","0.0","","0.0","","0.0","","0","","","","",""
"2014-04-06","2014","04","06","†","12.5","","-3.5","","4.5","","13.5","","0.0","","0.0","","0.0","","0.0","","0","","","","",""
"2014-04-07","2014","04","07","†","9.0","","1.0","","5.0","","13.0","","0.0","","9.4","","0.0","","9.4","","0","","","","",""
"2014-04-08","2014","04","08","†","17.0","","3.5","","10.3","","7.7","","0.0","","0.0","","0.0","","0.0","","0","","","","",""
"2014-04-09","2014","04","09","†","15.0","","2.5","","8.8","","9.2","","0.0","","0.0","","0.0","","0.0","","0","","","","",""
"2014-04-10","2014","04","10","†","21.5","","6.0","","13.8","","4.2","","0.0","","0.6","","0.0","","0.6","","0","","","","",""
"2014-04-11","2014","04","11","†","19.5","","4.0","","11.8","","6.2","","0.0","","0.0","","0.0","","0.0","","0","","","","",""
"2014-04-12","2014","04","12","†","21.5","","6.0","","13.8","","4.2","","0.0","","0.0","","0.0","","0.0","","0","","","","",""
"2014-04-13","2014","04","13","†","25.5","","8.5","","17.0","","1.0","","0.0","","0.4","","0.0","","0.4","","0","","","","",""
"2014-04-14","2014","04","14","†","20.5","","14.0","","17.3","","0.7","","0.0","","4.8","","5.2","","10.0","","0","","","","",""
"2014-04-15","2014","04","15","†","2.5","","-3.0","","-0.3","","18.3","","0.0","","0.0","","0.0","T","0.0","T","5","","","","",""
"2014-04-16","2014","04","16","†","8.0","","-6.0","","1.0","","17.0","","0.0","","0.0","","0.0","","0.0","","0","","","","",""
"2014-04-17","2014","04","17","†","18.0","","0.0","","9.0","","9.0","","0.0","","0.0","T","0.0","","0.0","T","0","","","","",""
"2014-04-18","2014","04","18","†","14.0","","7.5","","10.8","","7.2","","0.0","","0.0","","0.0","","0.0","","0","","","","",""
"2014-04-19","2014","04","19","†","13.5","","1.0","","7.3","","10.7","","0.0","","0.0","","0.0","","0.0","","0","","","","",""
"2014-04-20","2014","04","20","†","22.5","","2.5","","12.5","","5.5","","0.0","","0.0","","0.0","","0.0","","0","","","","",""
"2014-04-21","2014","04","21","†","26.0","","5.5","","15.8","","2.2","","0.0","","1.2","","0.0","","1.2","","0","","","","",""
"2014-04-22","2014","04","22","†","14.0","","11.0","","12.5","","5.5","","0.0","","0.0","","0.0","","0.0","","0","","","","",""
"2014-04-23","2014","04","23","†","13.0","","4.0","","8.5","","9.5","","0.0","","0.0","","0.0","","0.0","","0","","","","",""
"2014-04-24","2014","04","24","†","14.0","","2.0","","8.0","","10.0","","0.0","","0.0","T","0.0","","0.0","T","0","","","","",""
"2014-04-25","2014","04","25","†","11.0","","7.0","","9.0","","9.0","","0.0","","2.2","","0.0","","2.2","","0","","","","",""
"2014-04-26","2014","04","26","†","14.5","","5.5","","10.0","","8.0","","0.0","","0.0","","0.0","","0.0","","0","","","","",""
"2014-04-27","2014","04","27","†","13.5","","2.0","","7.8","","10.2","","0.0","","0.0","","0.0","","0.0","","0","","","","",""
"2014-04-28","2014","04","28","†","13.0","","7.0","","10.0","","8.0","","0.0","","15.6","","0.0","","15.6","","0","","","","",""
"2014-04-29","2014","04","29","†","24.0","","8.0","","16.0","","2.0","","0.0","","7.4","","0.0","","7.4","","0","","","","",""
"2014-04-30","2014","04","30","†","18.5","","10.5","","14.5","","3.5","","0.0","","0.2","","0.0","","0.2","","0","","","","",""
"2014-05-01","2014","05","01","†","13.5","","7.5","","10.5","","7.5","","0.0","","0.0","T","0.0","","0.0","T","0","","","","",""
"2014-05-02","2014","05","02","†","15.0","","8.0","","11.5","","6.5","","0.0","","1.0","","0.0","","1.0","","0","","","","",""
"2014-05-03","2014","05","03","†","16.5","","9.0","","12.8","","5.2","","0.0","","0.0","T","0.0","","0.0","T","0","","","","",""
"2014-05-04","2014","05","04","†","15.5","","8.5","","12.0","","6.0","","0.0","","0.0","","0.0","","0.0","","0","","","","",""
"2014-05-05","2014","05","05","†","12.0","","4.5","","8.3","","9.7","","0.0","","0.0","","0.0","","0.0","","0","","","","",""
"2014-05-06","2014","05","06","†","16.0","","3.5","","9.8","","8.2","","0.0","","8.2","","0.0","","8.2","","0","","","","",""
"2014-05-07","2014","05","07","†","16.5","","7.5","","12.0","","6.0","","0.0","","1.4","","0.0","","1.4","","0","","","","",""
"2014-05-08","2014","05","08","†","30.0","","9.5","","19.8","","0.0","","1.8","","0.0","","0.0","","0.0","","0","","","","",""
"2014-05-09","2014","05","09","†","27.0","","18.0","","22.5","","0.0","","4.5","","0.6","","0.0","","0.6","","0","","","","",""
"2014-05-10","2014","05","10","†","23.5","","13.0","","18.3","","0.0","","0.3","","0.0","","0.0","","0.0","","0","","","","",""
"2014-05-11","2014","05","11","†","26.5","","7.0","","16.8","","1.2","","0.0","","0.0","","0.0","","0.0","","0","","","","",""
"2014-05-12","2014","05","12","†","25.0","","16.5","","20.8","","0.0","","2.8","","17.4","","0.0","","17.4","","0","","","","",""
"2014-05-13","2014","05","13","†","31.0","","17.5","","24.3","","0.0","","6.3","","16.3","","0.0","","16.3","","0","","","","",""
"2014-05-14","2014","05","14","†","17.0","","12.0","","14.5","","3.5","","0.0","","26.6","","0.0","","26.6","","0","","","","",""
"2014-05-15","2014","05","15","†","18.0","","10.0","","14.0","","4.0","","0.0","","1.0","","0.0","","1.0","","0","","","","",""
"2014-05-16","2014","05","16","†","12.0","","3.0","","7.5","","10.5","","0.0","","1.0","","0.0","","1.0","","0","","","","",""
"2014-05-17","2014","05","17","†","16.0","","7.0","","11.5","","6.5","","0.0","","0.0","T","0.0","","0.0","T","0","","","","",""
"2014-05-18","2014","05","18","†","19.5","","4.5","","12.0","","6.0","","0.0","","0.0","","0.0","","0.0","","0","","","","",""
"2014-05-19","2014","05","19","†","22.0","","6.5","","14.3","","3.7","","0.0","","1.2","","0.0","","1.2","","0","","","","",""
"2014-05-20","2014","05","20","†","22.0","","13.0","","17.5","","0.5","","0.0","","2.4","","0.0","","2.4","","0","","","","",""
"2014-05-21","2014","05","21","†","29.0","","14.0","","21.5","","0.0","","3.5","","0.0","T","0.0","","0.0","T","0","","","","",""
"2014-05-22","2014","05","22","†","23.5","","14.5","","19.0","","0.0","","1.0","","0.0","","0.0","","0.0","","0","","","","",""
"2014-05-23","2014","05","23","†","21.0","","10.0","","15.5","","2.5","","0.0","","0.0","","0.0","","0.0","","0","","","","",""
"2014-05-24","2014","05","24","†","25.5","","9.0","","17.3","","0.7","","0.0","","0.0","","0.0","","0.0","","0","","","","",""
"2014-05-25","2014","05","25","†","28.5","","12.0","","20.3","","0.0","","2.3","","0.0","","0.0","","0.0","","0","","","","",""
"2014-05-26","2014","05","26","†","30.6","","14.0","","22.3","","0.0","","4.3","","0.0","","0.0","","0.0","","0","","","","",""
"2014-05-27","2014","05","27","†","29.5","","20.0","","24.8","","0.0","","6.8","","38.8","","0.0","","38.8","","0","","","","",""
"2014-05-28","2014","05","28","†","18.0","","15.5","","16.8","","1.2","","0.0","","9.6","","0.0","","9.6","","0","","","","",""
"2014-05-29","2014","05","29","†","22.5","","11.0","","16.8","","1.2","","0.0","","0.0","","0.0","","0.0","","0","","","","",""
"2014-05-30","2014","05","30","†","27.0","","11.0","","19.0","","0.0","","1.0","","0.0","","0.0","","0.0","","0","","","","",""
"2014-05-31","2014","05","31","†","26.0","","13.5","","19.8","","0.0","","1.8","","0.0","","0.0","","0.0","","0","","","","",""
"2014-06-01","2014","06","01","†","29.5","","12.0","","20.8","","0.0","","2.8","","0.6","","0.0","","0.6","","0","","","","",""
"2014-06-02","2014","06","02","†","30.0","","19.5","","24.8","","0.0","","6.8","","0.0","T","0.0","","0.0","T","0","","","","",""
"2014-06-03","2014","06","03","†","29.0","","21.0","","25.0","","0.0","","7.0","","0.0","","0.0","","0.0","","0","","","","",""
"2014-06-04","2014","06","04","†","21.0","","14.5","","17.8","","0.2","","0.0","","4.6","","0.0","","4.6","","0","","","","",""
"2014-06-05","2014","06","05","†","24.5","","11.5","","18.0","","0.0","","0.0","","0.0","","0.0","","0.0","","0","","","","",""
"2014-06-06","2014","06","06","†","27.0","","10.0","","18.5","","0.0","","0.5","","0.0","","0.0","","0.0","","0","","","","",""
"2014-06-07","2014","06","07","†","28.5","","12.0","","20.3","","0.0","","2.3","","2.5","","0.0","","2.5","","0","","","","",""
"2014-06-08","2014","06","08","†","23.0","","16.0","","19.5","","0.0","","1.5","","1.0","","0.0","","1.0","","0","","","","",""
"2014-06-09","2014","06","09","†","26.0","","14.0","","20.0","","0.0","","2.0","","0.0","","0.0","","0.0","","0","","","","",""
"2014-06-10","2014","06","10","†","25.0","","14.0","","19.5","","0.0","","1.5","","3.6","","0.0","","3.6","","0","","","","",""
"2014-06-11","2014","06","11","†","27.5","","18.0","","22.8","","0.0","","4.8","","0.0","T","0.0","","0.0","T","0","","","","",""
"2014-06-12","2014","06","12","†","27.5","","20.0","","23.8","","0.0","","5.8","","0.4","","0.0","","0.4","","0","","","","",""
"2014-06-13","2014","06","13","†","22.5","","18.0","","20.3","","0.0","","2.3","","0.0","","0.0","","0.0","","0","","","","",""
"2014-06-14","2014","06","14","†","23.0","","8.5","","15.8","","2.2","","0.0","","0.0","","0.0","","0.0","","0","","","","",""
"2014-06-15","2014","06","15","†","28.0","","11.5","","19.8","","0.0","","1.8","","0.0","","0.0","","0.0","","0","","","","",""
"2014-06-16","2014","06","16","†","33.0","","19.0","","26.0","","0.0","","8.0","","0.0","","0.0","","0.0","","0","","","","",""
"2014-06-17","2014","06","17","†","34.0","","21.0","","27.5","","0.0","","9.5","","10.4","","0.0","","10.4","","0","","","","",""
"2014-06-18","2014","06","18","†","29.0","","18.5","","23.8","","0.0","","5.8","","28.7","","0.0","","28.7","","0","","","","",""
"2014-06-19","2014","06","19","†","25.0","","18.5","","21.8","","0.0","","3.8","","0.0","","0.0","","0.0","","0","","","","",""
"2014-06-20","2014","06","20","†","23.5","","14.0","","18.8","","0.0","","0.8","","5.5","","0.0","","5.5","","0","","","","",""
"2014-06-21","2014","06","21","†","26.5","","12.5","","19.5","","0.0","","1.5","","0.0","","0.0","","0.0","","0","","","","",""
"2014-06-22","2014","06","22","†","27.5","","18.5","","23.0","","0.0","","5.0","","0.0","","0.0","","0.0","","0","","","","",""
"2014-06-23","2014","06","23","†","28.0","","16.5","","22.3","","0.0","","4.3","","0.4","","0.0","","0.4","","0","","","","",""
"2014-06-24","2014","06","24","†","29.0","","21.5","","25.3","","0.0","","7.3","","30.5","","0.0","","30.5","","0","","","","",""
"2014-06-25","2014","06","25","†","26.0","","19.5","","22.8","","0.0","","4.8","","0.0","","0.0","","0.0","","0","","","","",""
"2014-06-26","2014","06","26","†","26.5","","15.5","","21.0","","0.0","","3.0","","0.0","","0.0","","0.0","","0","","","","",""
"2014-06-27","2014","06","27","†","28.5","","15.0","","21.8","","0.0","","3.8","","0.0","","0.0","","0.0","","0","","","","",""
"2014-06-28","2014","06","28","†","32.5","","18.5","","25.5","","0.0","","7.5","","0.0","","0.0","","0.0","","0","","","","",""
"2014-06-29","2014","06","29","†","31.0","","23.5","","27.3","","0.0","","9.3","","2.4","","0.0","","2.4","","0","","","","",""
"2014-06-30","2014","06","30","†","32.0","","23.5","","27.8","","0.0","","9.8","","8.2","","0.0","","8.2","","0","","","","",""
"2014-07-01","2014","07","01","†","30.5","","21.0","","25.8","","0.0","","7.8","","0.0","","0.0","","0.0","","0","","","","",""
"2014-07-02","2014","07","02","†","28.5","","21.5","","25.0","","0.0","","7.0","","0.0","T","0.0","","0.0","T","0","","","","",""
"2014-07-03","2014","07","03","†","23.0","","16.0","","19.5","","0.0","","1.5","","0.2","","0.0","","0.2","","0","","","","",""
"2014-07-04","2014","07","04","†","24.5","","13.0","","18.8","","0.0","","0.8","","0.0","","0.0","","0.0","","0","","","","",""
"2014-07-05","2014","07","05","†","26.5","","12.5","","19.5","","0.0","","1.5","","0.0","","0.0","","0.0","","0","","","","",""
"2014-07-06","2014","07","06","†","29.0","","15.5","","22.3","","0.0","","4.3","","11.3","","0.0","","11.3","","0","","","","",""
"2014-07-07","2014","07","07","†","30.5","","22.0","","26.3","","0.0","","8.3","","9.5","","0.0","","9.5","","0","","","","",""
"2014-07-08","2014","07","08","†","26.5","","20.0","","23.3","","0.0","","5.3","","19.6","","0.0","","19.6","","0","","","","",""
"2014-07-09","2014","07","09","†","24.5","","17.5","","21.0","","0.0","","3.0","","0.0","","0.0","","0.0","","0","","","","",""
"2014-07-10","2014","07","10","†","25.5","","14.5","","20.0","","0.0","","2.0","","0.0","","0.0","","0.0","","0","","","","",""
"2014-07-11","2014","07","11","†","27.0","","15.0","","21.0","","0.0","","3.0","","0.0","","0.0","","0.0","","0","","","","",""
"2014-07-12","2014","07","12","†","31.0","","18.5","","24.8","","0.0","","6.8","","3.4","","0.0","","3.4","","0","","","","",""
"2014-07-13","2014","07","13","†","30.0","","23.0","","26.5","","0.0","","8.5","","1.2","","0.0","","1.2","","0","","","","",""
"2014-07-14","2014","07","14","†","29.5","","19.0","","24.3","","0.0","","6.3","","0.4","","0.0","","0.4","","0","","","","",""
"2014-07-15","2014","07","15","†","24.0","","17.5","","20.8","","0.0","","2.8","","0.0","T","0.0","","0.0","T","0","","","","",""
"2014-07-16","2014","07","16","†","21.5","","13.0","","17.3","","0.7","","0.0","","0.0","","0.0","","0.0","","0","","","","",""
"2014-07-17","2014","07","17","†","26.0","","14.5","","20.3","","0.0","","2.3","","0.0","","0.0","","0.0","","0","","","","",""
"2014-07-18","2014","07","18","†","26.0","","13.0","","19.5","","0.0","","1.5","","0.4","","0.0","","0.4","","0","","","","",""
"2014-07-19","2014","07","19","†","22.0","","17.5","","19.8","","0.0","","1.8","","3.0","","0.0","","3.0","","0","","","","",""
"2014-07-20","2014","07","20","†","26.5","","15.0","","20.8","","0.0","","2.8","","0.0","","0.0","","0.0","","0","","","","",""
"2014-07-21","2014","07","21","†","30.5","","16.5","","23.5","","0.0","","5.5","","0.0","","0.0","","0.0","","0","","","","",""
"2014-07-22","2014","07","22","†","33.0","","18.0","","25.5","","0.0","","7.5","","0.3","","0.0","","0.3","","0","","","","",""
"2014-07-23","2014","07","23","†","22.5","","20.0","","21.3","","0.0","","3.3","","0.0","","0.0","","0.0","","0","","","","",""
"2014-07-24","2014","07","24","†","24.5","","14.0","","19.3","","0.0","","1.3","","0.0","","0.0","","0.0","","0","","","","",""
"2014-07-25","2014","07","25","†","26.0","","13.5","","19.8","","0.0","","1.8","","0.0","","0.0","","0.0","","0","","","","",""
"2014-07-26","2014","07","26","†","29.5","","15.5","","22.5","","0.0","","4.5","","0.0","","0.0","","0.0","","0","","","","",""
"2014-07-27","2014","07","27","†","31.0","","19.5","","25.3","","0.0","","7.3","","13.6","","0.0","","13.6","","0","","","","",""
"2014-07-28","2014","07","28","†","21.0","","16.5","","18.8","","0.0","","0.8","","0.0","","0.0","","0.0","","0","","","","",""
"2014-07-29","2014","07","29","†","24.0","","13.0","","18.5","","0.0","","0.5","","12.0","","0.0","","12.0","","0","","","","",""
"2014-07-30","2014","07","30","†","24.5","","14.5","","19.5","","0.0","","1.5","","11.6","","0.0","","11.6","","0","","","","",""
"2014-07-31","2014","07","31","†","27.5","","13.0","","20.3","","0.0","","2.3","","0.0","","0.0","","0.0","","0","","","","",""
"2014-08-01","2014","08","01","†","30.0","","16.5","","23.3","","0.0","","5.3","","0.0","","0.0","","0.0","","0","","","","",""
"2014-08-02","2014","08","02","†","26.0","","18.5","","22.3","","0.0","","4.3","","0.4","","0.0","","0.4","","0","","","","",""
"2014-08-03","2014","08","03","†","28.5","","15.0","","21.8","","0.0","","3.8","","0.0","","0.0","","0.0","","0","","","","",""
"2014-08-04","2014","08","04","†","30.0","","17.0","","23.5","","0.0","","5.5","","0.6","","0.0","","0.6","","0","","","","",""
"2014-08-05","2014","08","05","†","24.5","","18.5","","21.5","","0.0","","3.5","","1.8","","0.0","","1.8","","0","","","","",""
"2014-08-06","2014","08","06","†","26.0","","16.0","","21.0","","0.0","","3.0","","0.0","","0.0","","0.0","","0","","","","",""
"2014-08-07","2014","08","07","†","28.0","","13.5","","20.8","","0.0","","2.8","","0.0","","0.0","","0.0","","0","","","","",""
"2014-08-08","2014","08","08","†","25.5","","16.0","","20.8","","0.0","","2.8","","0.0","","0.0","","0.0","","0","","","","",""
"2014-08-09","2014","08","09","†","27.0","","14.5","","20.8","","0.0","","2.8","","0.0","","0.0","","0.0","","0","","","","",""
"2014-08-10","2014","08","10","†","29.0","","19.5","","24.3","","0.0","","6.3","","0.0","","0.0","","0.0","","0","","","","",""
"2014-08-11","2014","08","11","†","23.5","","20.0","","21.8","","0.0","","3.8","","71.8","","0.0","","71.8","","0","","","","",""
"2014-08-12","2014","08","12","†","26.0","","17.0","","21.5","","0.0","","3.5","","4.2","","0.0","","4.2","","0","","","","",""
"2014-08-13","2014","08","13","†","25.0","","14.5","","19.8","","0.0","","1.8","","0.0","","0.0","","0.0","","0","","","","",""
"2014-08-14","2014","08","14","†","22.0","","12.5","","17.3","","0.7","","0.0","","0.0","","0.0","","0.0","","0","","","","",""
"2014-08-15","2014","08","15","†","25.0","","11.5","","18.3","","0.0","","0.3","","0.0","","0.0","","0.0","","0","","","","",""
"2014-08-16","2014","08","16","†","28.5","","12.5","","20.5","","0.0","","2.5","","8.0","","0.0","","8.0","","0","","","","",""
"2014-08-17","2014","08","17","†","26.0","","18.5","","22.3","","0.0","","4.3","","0.0","","0.0","","0.0","","0","","","","",""
"2014-08-18","2014","08","18","†","26.5","","18.0","","22.3","","0.0","","4.3","","0.0","","0.0","","0.0","","0","","","","",""
"2014-08-19","2014","08","19","†","29.5","","19.0","","24.3","","0.0","","6.3","","7.0","","0.0","","7.0","","0","","","","",""
"2014-08-20","2014","08","20","†","29.5","","19.5","","24.5","","0.0","","6.5","","0.0","","0.0","","0.0","","0","","","","",""
"2014-08-21","2014","08","21","†","26.5","","19.0","","22.8","","0.0","","4.8","","23.9","","0.0","","23.9","","0","","","","",""
"2014-08-22","2014","08","22","†","28.0","","19.5","","23.8","","0.0","","5.8","","0.0","","0.0","","0.0","","0","","","","",""
"2014-08-23","2014","08","23","†","26.5","","19.5","","23.0","","0.0","","5.0","","0.0","","0.0","","0.0","","0","","","","",""
"2014-08-24","2014","08","24","†","26.5","","20.0","","23.3","","0.0","","5.3","","0.0","","0.0","","0.0","","0","","","","",""
"2014-08-25","2014","08","25","†","30.0","","20.0","","25.0","","0.0","","7.0","","0.0","","0.0","","0.0","","0","","","","",""
"2014-08-26","2014","08","26","†","33.5","","21.5","","27.5","","0.0","","9.5","","12.2","","0.0","","12.2","","0","","","","",""
"2014-08-27","2014","08","27","†","25.5","","19.5","","22.5","","0.0","","4.5","","0.0","","0.0","","0.0","","0","","","","",""
"2014-08-28","2014","08","28","†","23.0","","15.0","","19.0","","0.0","","1.0","","0.0","","0.0","","0.0","","0","","","","",""
"2014-08-29","2014","08","29","†","26.0","","13.5","","19.8","","0.0","","1.8","","0.0","","0.0","","0.0","","0","","","","",""
"2014-08-30","2014","08","30","","","","","","","","","","","","","","","","","","","","","","",""
"2014-08-31","2014","08","31","","","","","","","","","","","","","","","","","","","","","","",""
"2014-09-01","2014","09","01","†","30.0","","22.0","","26.0","","0.0","","8.0","","18.6","","0.0","","18.6","","0","","","","",""
"2014-09-02","2014","09","02","†","26.5","","21.0","","23.8","","0.0","","5.8","","16.8","","0.0","","16.8","","0","","","","",""
"2014-09-03","2014","09","03","†","28.5","","15.0","","21.8","","0.0","","3.8","","0.0","","0.0","","0.0","","0","","","","",""
"2014-09-04","2014","09","04","†","31.0","","17.0","","24.0","","0.0","","6.0","","0.6","","0.0","","0.6","","0","","","","",""
"2014-09-05","2014","09","05","†","34.0","","23.0","","28.5","","0.0","","10.5","","4.0","","0.0","","4.0","","0","","","","",""
"2014-09-06","2014","09","06","†","23.5","","18.0","","20.8","","0.0","","2.8","","0.0","","0.0","","0.0","","0","","","","",""
"2014-09-07","2014","09","07","†","25.0","","12.5","","18.8","","0.0","","0.8","","0.0","","0.0","","0.0","","0","","","","",""
"2014-09-08","2014","09","08","†","26.0","","11.5","","18.8","","0.0","","0.8","","0.0","","0.0","","0.0","","0","","","","",""
"2014-09-09","2014","09","09","†","28.0","","17.0","","22.5","","0.0","","4.5","","0.0","","0.0","","0.0","","0","","","","",""
"2014-09-10","2014","09","10","†","24.0","","19.5","","21.8","","0.0","","3.8","","61.4","","0.0","","61.4","","0","","","","",""
"2014-09-11","2014","09","11","†","16.5","","12.5","","14.5","","3.5","","0.0","","0.0","","0.0","","0.0","","0","","","","",""
"2014-09-12","2014","09","12","†","17.0","","10.0","","13.5","","4.5","","0.0","","14.8","","0.0","","14.8","","0","","","","",""
"2014-09-13","2014","09","13","†","15.0","","11.0","","13.0","","5.0","","0.0","","0.0","","0.0","","0.0","","0","","","","",""
"2014-09-14","2014","09","14","†","18.5","","5.0","","11.8","","6.2","","0.0","","0.0","","0.0","","0.0","","0","","","","",""
"2014-09-15","2014","09","15","†","16.5","","7.5","","12.0","","6.0","","0.0","","0.2","","0.0","","0.2","","0","","","","",""
"2014-09-16","2014","09","16","†","20.0","","10.0","","15.0","","3.0","","0.0","","0.0","","0.0","","0.0","","0","","","","",""
"2014-09-17","2014","09","17","†","21.0","","6.5","","13.8","","4.2","","0.0","","0.0","","0.0","","0.0","","0","","","","",""
"2014-09-18","2014","09","18","†","19.0","","10.0","","14.5","","3.5","","0.0","","0.0","","0.0","","0.0","","0","","","","",""
"2014-09-19","2014","09","19","†","20.0","","6.0","","13.0","","5.0","","0.0","","0.0","","0.0","","0.0","","0","","","","",""
"2014-09-20","2014","09","20","†","27.0","","10.5","","18.8","","0.0","","0.8","","7.0","","0.0","","7.0","","0","","","","",""
"2014-09-21","2014","09","21","†","21.0","","17.0","","19.0","","0.0","","1.0","","0.6","","0.0","","0.6","","0","","","","",""
"2014-09-22","2014","09","22","†","17.5","","9.5","","13.5","","4.5","","0.0","","0.0","","0.0","","0.0","","0","","","","",""
"2014-09-23","2014","09","23","†","22.5","","7.0","","14.8","","3.2","","0.0","","0.0","","0.0","","0.0","","0","","","","",""
"2014-09-24","2014","09","24","†","23.5","","9.0","","16.3","","1.7","","0.0","","0.0","","0.0","","0.0","","0","","","","",""
"2014-09-25","2014","09","25","†","22.5","","9.5","","16.0","","2.0","","0.0","","0.0","","0.0","","0.0","","0","","","","",""
"2014-09-26","2014","09","26","†","24.0","","10.5","","17.3","","0.7","","0.0","","0.0","","0.0","","0.0","","0","","","","",""
"2014-09-27","2014","09","27","†","25.0","","11.5","","18.3","","0.0","","0.3","","0.0","","0.0","","0.0","","0","","","","",""
"2014-09-28","2014","09","28","†","24.5","","12.0","","18.3","","0.0","","0.3","","0.0","","0.0","","0.0","","0","","","","",""
"2014-09-29","2014","09","29","†","26.5","","12.0","","19.3","","0.0","","1.3","","10.2","","0.0","","10.2","","0","","","","",""
"2014-09-30","2014","09","30","†","15.5","","12.0","","13.8","","4.2","","0.0","","0.0","","0.0","","0.0","","0","","","","",""
"2014-10-01","2014","10","01","†","20.0","","10.5","","15.3","","2.7","","0.0","","0.0","","0.0","","0.0","","0","","","","",""
"2014-10-02","2014","10","02","†","25.0","","11.5","","18.3","","0.0","","0.3","","6.6","","0.0","","6.6","","0","","","","",""
"2014-10-03","2014","10","03","†","20.5","","18.0","","19.3","","0.0","","1.3","","4.4","","0.0","","4.4","","0","","","","",""
"2014-10-04","2014","10","04","†","10.0","","6.5","","8.3","","9.7","","0.0","","0.0","T","0.0","","0.0","T","0","","","","",""
"2014-10-05","2014","10","05","†","13.0","","6.0","","9.5","","8.5","","0.0","","0.0","","0.0","","0.0","","0","","","","",""
"2014-10-06","2014","10","06","†","17.5","","10.0","","13.8","","4.2","","0.0","","1.6","","0.0","","1.6","","0","","","","",""
"2014-10-07","2014","10","07","†","15.5","","8.0","","11.8","","6.2","","0.0","","0.4","","0.0","","0.4","","0","","","","",""
"2014-10-08","2014","10","08","†","17.0","","10.0","","13.5","","4.5","","0.0","","0.0","","0.0","","0.0","","0","","","","",""
"2014-10-09","2014","10","09","†","17.0","","5.5","","11.3","","6.7","","0.0","","0.0","","0.0","","0.0","","0","","","","",""
"2014-10-10","2014","10","10","†","15.0","","5.0","","10.0","","8.0","","0.0","","0.0","","0.0","","0.0","","0","","","","",""
"2014-10-11","2014","10","11","†","14.5","","4.5","","9.5","","8.5","","0.0","","0.0","","0.0","","0.0","","0","","","","",""
"2014-10-12","2014","10","12","†","16.5","","1.0","","8.8","","9.2","","0.0","","9.2","","0.0","","9.2","","0","","","","",""
"2014-10-13","2014","10","13","†","22.5","","10.0","","16.3","","1.7","","0.0","","0.0","T","0.0","","0.0","T","0","","","","",""
"2014-10-14","2014","10","14","†","21.5","","19.0","","20.3","","0.0","","2.3","","17.0","","0.0","","17.0","","0","","","","",""
"2014-10-15","2014","10","15","†","20.0","","13.5","","16.8","","1.2","","0.0","","0.0","","0.0","","0.0","","0","","","","",""
"2014-10-16","2014","10","16","†","20.0","","12.5","","16.3","","1.7","","0.0","","0.3","","0.0","","0.3","","0","","","","",""
"2014-10-17","2014","10","17","†","18.5","","12.5","","15.5","","2.5","","0.0","","0.6","","0.0","","0.6","","0","","","","",""
"2014-10-18","2014","10","18","†","10.0","","7.0","","8.5","","9.5","","0.0","","0.0","","0.0","","0.0","","0","","","","",""
"2014-10-19","2014","10","19","†","12.0","","1.5","","6.8","","11.2","","0.0","","1.4","","0.0","","1.4","","0","","","","",""
"2014-10-20","2014","10","20","†","15.5","","9.0","","12.3","","5.7","","0.0","","0.4","","0.0","","0.4","","0","","","","",""
"2014-10-21","2014","10","21","†","9.5","","8.0","","8.8","","9.2","","0.0","","0.0","T","0.0","","0.0","T","0","","","","",""
"2014-10-22","2014","10","22","†","14.0","","7.0","","10.5","","7.5","","0.0","","0.0","","0.0","","0.0","","0","","","","",""
"2014-10-23","2014","10","23","†","16.0","","3.5","","9.8","","8.2","","0.0","","0.0","","0.0","","0.0","","0","","","","",""
"2014-10-24","2014","10","24","†","17.5","","2.5","","10.0","","8.0","","0.0","","0.0","","0.0","","0.0","","0","","","","",""
"2014-10-25","2014","10","25","†","21.0","","9.5","","15.3","","2.7","","0.0","","0.0","","0.0","","0.0","","0","","","","",""
"2014-10-26","2014","10","26","†","17.0","","8.0","","12.5","","5.5","","0.0","","0.0","","0.0","","0.0","","0","","","","",""
"2014-10-27","2014","10","27","†","23.5","","1.5","","12.5","","5.5","","0.0","","4.0","","0.0","","4.0","","0","","","","",""
"2014-10-28","2014","10","28","†","18.5","","16.5","","17.5","","0.5","","0.0","","0.0","","0.0","","0.0","","0","","","","",""
"2014-10-29","2014","10","29","†","11.5","","7.0","","9.3","","8.7","","0.0","","0.0","","0.0","","0.0","","0","","","","",""
"2014-10-30","2014","10","30","†","11.0","","4.5","","7.8","","10.2","","0.0","","0.4","","0.0","","0.4","","0","","","","",""
"2014-10-31","2014","10","31","†","7.5","","4.5","","6.0","","12.0","","0.0","","6.4","","0.0","","6.4","","0","","","","",""
"2014-11-01","2014","11","01","†","6.5","","1.0","","3.8","","14.2","","0.0","","0.0","","0.0","","0.0","","0","","","","",""
"2014-11-02","2014","11","02","†","10.0","","-1.5","","4.3","","13.7","","0.0","","0.0","","0.0","","0.0","","0","","","","",""
"2014-11-03","2014","11","03","†","16.0","","3.0","","9.5","","8.5","","0.0","","0.0","","0.0","","0.0","","0","","","","",""
"2014-11-04","2014","11","04","†","14.0","","9.5","","11.8","","6.2","","0.0","","0.6","","0.0","","0.6","","0","","","","",""
"2014-11-05","2014","11","05","†","15.0","","5.0","","10.0","","8.0","","0.0","","0.0","","0.0","","0.0","","0","","","","",""
"2014-11-06","2014","11","06","†","10.5","","5.0","","7.8","","10.2","","0.0","","6.2","","0.0","","6.2","","0","","","","",""
"2014-11-07","2014","11","07","†","7.0","","1.0","","4.0","","14.0","","0.0","","0.4","","0.0","","0.4","","0","","","","",""
"2014-11-08","2014","11","08","†","7.0","","1.5","","4.3","","13.7","","0.0","","0.0","","0.0","","0.0","","0","","","","",""
"2014-11-09","2014","11","09","†","10.5","","1.0","","5.8","","12.2","","0.0","","0.0","","0.0","","0.0","","0","","","","",""
"2014-11-10","2014","11","10","†","14.8","","4.0","","9.4","","8.6","","0.0","","0.0","","0.0","","0.0","","0","","","","",""
"2014-11-11","2014","11","11","†","18.5","","6.5","","12.5","","5.5","","0.0","","0.0","T","0.0","","0.0","T","0","","","","",""
"2014-11-12","2014","11","12","†","2.5","","1.5","","2.0","","16.0","","0.0","","0.0","","0.0","T","0.0","T","0","","","","",""
"2014-11-13","2014","11","13","†","3.5","","-2.0","","0.8","","17.2","","0.0","","0.0","","1.0","","1.0","","0","","","","",""
"2014-11-14","2014","11","14","†","3.0","","-4.5","","-0.8","","18.8","","0.0","","0.0","","0.0","T","0.0","T","1","","","","",""
"2014-11-15","2014","11","15","†","2.5","","-3.5","","-0.5","","18.5","","0.0","","0.0","","0.0","","0.0","","0","","","","",""
"2014-11-16","2014","11","16","†","2.5","","-1.5","","0.5","","17.5","","0.0","","0.0","","2.0","","2.0","","0","","","","",""
"2014-11-17","2014","11","17","†","0.0","","-3.5","","-1.8","","19.8","","0.0","","0.0","","0.4","","0.4","","2","","","","",""
"2014-11-18","2014","11","18","†","-4.5","","-11.0","","-7.8","","25.8","","0.0","","0.0","","0.0","T","0.0","T","2","","","","",""
"2014-11-19","2014","11","19","†","-0.5","","-10.0","","-5.3","","23.3","","0.0","","0.0","","2.6","","2.6","","2","","","","",""
"2014-11-20","2014","11","20","†","-1.0","","-5.0","","-3.0","","21.0","","0.0","","0.0","","0.0","T","0.0","T","5","","","","",""
"2014-11-21","2014","11","21","†","1.0","","-10.0","","-4.5","","22.5","","0.0","","1.6","","0.0","","1.6","","5","","","","",""
"2014-11-22","2014","11","22","†","9.0","","-6.5","","1.3","","16.7","","0.0","","2.6","","0.0","","2.6","","4","","","","",""
"2014-11-23","2014","11","23","†","13.5","","7.0","","10.3","","7.7","","0.0","","23.5","","0.0","","23.5","","0","","","","",""
"2014-11-24","2014","11","24","†","15.0","","5.0","","10.0","","8.0","","0.0","","0.5","","0.0","T","0.5","","0","","","","",""
"2014-11-25","2014","11","25","†","1.0","","0.0","","0.5","","17.5","","0.0","","0.0","","0.0","","0.0","","0","","","","",""
"2014-11-26","2014","11","26","†","1.5","","-1.0","","0.3","","17.7","","0.0","","0.0","","0.0","T","0.0","T","0","","","","",""
"2014-11-27","2014","11","27","†","2.0","","-2.5","","-0.3","","18.3","","0.0","","0.0","","0.0","T","0.0","T","0","","","","",""
"2014-11-28","2014","11","28","†","2.5","","-7.5","","-2.5","","20.5","","0.0","","0.0","","1.0","","1.0","","0","","","","",""
"2014-11-29","2014","11","29","†","12.0","","-3.5","","4.3","","13.7","","0.0","","0.0","","0.0","","0.0","","1","","","","",""
"2014-11-30","2014","11","30","†","16.0","","6.5","","11.3","","6.7","","0.0","","0.6","","0.0","","0.6","","0","","","","",""
"2014-12-01","2014","12","01","†","1.0","","-2.5","","-0.8","","18.8","","0.0","","0.0","","0.0","","0.0","","0","","","","",""
"2014-12-02","2014","12","02","†","1.5","","-5.5","","-2.0","","20.0","","0.0","","0.0","","0.0","","0.0","","0","","","","",""
"2014-12-03","2014","12","03","†","4.5","","0.0","","2.3","","15.7","","0.0","","0.0","","0.0","","0.0","","0","","","","",""
"2014-12-04","2014","12","04","†","2.0","","-3.5","","-0.8","","18.8","","0.0","","0.0","","0.0","","0.0","","0","","","","",""
"2014-12-05","2014","12","05","†","4.0","","-4.0","","0.0","","18.0","","0.0","","0.2","","0.0","","0.2","","0","","","","",""
"2014-12-06","2014","12","06","†","5.0","","2.5","","3.8","","14.2","","0.0","","0.0","","0.0","","0.0","","0","","","","",""
"2014-12-07","2014","12","07","†","3.0","","-3.5","","-0.3","","18.3","","0.0","","0.0","","0.0","","0.0","","0","","","","",""
"2014-12-08","2014","12","08","†","6.5","","-0.5","","3.0","","15.0","","0.0","","4.2","","0.0","","4.2","","0","","","","",""
"2014-12-09","2014","12","09","†","5.0","","3.0","","4.0","","14.0","","0.0","","0.0","","0.0","T","0.0","T","0","","","","",""
"2014-12-10","2014","12","10","†","-0.5","","-3.0","","-1.8","","19.8","","0.0","","0.0","","0.0","","0.0","","0","","","","",""
"2014-12-11","2014","12","11","†","4.5","","-6.0","","-0.8","","18.8","","0.0","","0.0","","0.0","","0.0","","0","","","","",""
"2014-12-12","2014","12","12","†","3.5","","-3.5","","0.0","","18.0","","0.0","","0.0","","0.0","","0.0","","0","","","","",""
"2014-12-13","2014","12","13","†","8.5","","0.5","","4.5","","13.5","","0.0","","0.0","","0.0","","0.0","","0","","","","",""
"2014-12-14","2014","12","14","†","10.5","","6.0","","8.3","","9.7","","0.0","","0.0","","0.0","","0.0","","0","","","","",""
"2014-12-15","2014","12","15","†","9.0","","6.0","","7.5","","10.5","","0.0","","4.0","","0.0","","4.0","","0","","","","",""
"2014-12-16","2014","12","16","†","8.5","","4.0","","6.3","","11.7","","0.0","","0.6","","0.0","","0.6","","0","","","","",""
"2014-12-17","2014","12","17","†","0.5","","-0.5","","0.0","","18.0","","0.0","","0.6","","0.0","T","0.6","","0","","","","",""
"2014-12-18","2014","12","18","†","1.0","","-2.5","","-0.8","","18.8","","0.0","","0.0","","0.0","T","0.0","T","0","","","","",""
"2014-12-19","2014","12","19","†","2.0","","-2.5","","-0.3","","18.3","","0.0","","0.0","","0.0","","0.0","","0","","","","",""
"2014-12-20","2014","12","20","†","1.5","","-7.0","","-2.8","","20.8","","0.0","","0.0","","0.0","","0.0","","0","","","","",""
"2014-12-21","2014","12","21","†","2.5","","-4.5","","-1.0","","19.0","","0.0","","0.0","","0.0","","0.0","","0","","","","",""
"2014-12-22","2014","12","22","†","5.0","","-5.0","","0.0","","18.0","","0.0","","2.0","","0.0","","2.0","","0","","","","",""
"2014-12-23","2014","12","23","†","10.5","","1.0","","5.8","","12.2","","0.0","","3.0","","0.0","","3.0","","0","","","","",""
"2014-12-24","2014","12","24","†","11.5","","5.5","","8.5","","9.5","","0.0","","5.6","","0.0","","5.6","","0","","","","",""
"2014-12-25","2014","12","25","†","5.0","","3.0","","4.0","","14.0","","0.0","","0.0","","0.0","","0.0","","0","","","","",""
"2014-12-26","2014","12","26","†","8.5","","0.5","","4.5","","13.5","","0.0","","1.3","","0.0","","1.3","","0","","","","",""
"2014-12-27","2014","12","27","†","9.0","","4.0","","6.5","","11.5","","0.0","","0.3","","0.0","","0.3","","0","","","","",""
"2014-12-28","2014","12","28","†","4.0","","2.0","","3.0","","15.0","","0.0","","0.0","","0.0","","0.0","","0","","","","",""
"2014-12-29","2014","12","29","†","0.5","","-4.5","","-2.0","","20.0","","0.0","","0.0","","0.0","","0.0","","0","","","","",""
"2014-12-30","2014","12","30","","","","","","","","","","","","","","","","","","","","","","",""
"2014-12-31","2014","12","31","","","","","","","","","","","","","","","","","","","","","","",""
